{
	"cameras":
	{
		"CameraComponent":
		{
			"intrinsics": [ 960.00000000000011, 0, 960, 0, 960.00000000000011, 540, 0, 0, 1 ],
			"rotation": [ 0, 0, 0, 1 ],
			"translation": [ 0, 0, 0 ],
			"sensor_size": [ 1920, 1080 ]
		}
	}
}